Token;English;Russian;German;Spanish;Czech;Dutch;French;Japanese;Korean;Polish;Portuguese_Brazilian;Turkish;Ukrainian;Chinese;Chinese_Trad;Swedish;Italian;Romanian;Bulgarian;Macedonian;Finnish;Danish;Norwegian;Icelandic;Lithuanian;Hungarian;Slovak;Portuguese_European;Hindi;Thai;Croatian;Georgian;Greek;Serbian;Latvian
ws_location_last_tombstone;Last tombstone;Место последней смерти;Letzter Grabstein;Última lápida;Poslední náhrobek;Laatste grafsteen;Dernière pierre tombale;最後の墓石;마지막 묘비;Ostatni nagrobek;Última lápide;Son mezar taşı;Остання могила;最後一個墓碑;最後一個墓碑;Sista gravstenen;Ultima lapide;Ultima piatră funerară;Последният надгробен камък;Последниот надгробен камен;Viimeinen hautakivi;Sidste gravsten;Siste gravstein;Síðasti legsteinn;Paskutinis antkapis;Utolsó sírkő;Posledný náhrobok;Última lápide;अंतिम समाधि;หลุมศพสุดท้าย;Posljednji nadgrobni kamen;ბოლო საფლავი;Τελευταία ταφόπλακα;Последњи надгробни камен;Pēdējais kapakmens
ws_location_last_ship;Last ship;Последний корабль;Letztes Schiff;Último barco;Poslední loď;Laatste schip;Dernier navire;最後の船;마지막 배;Ostatni statek;Último navio;Son gemi;Останній корабель;最後一艘船;最後一艘船;Sista skeppet;Ultima nave;Ultima navă;Последният кораб;Последниот брод;Viimeinen laiva;Sidste skib;Siste skip;Síðasta skipið;Paskutinis laivas;Utolsó hajó;Posledná loď;Último navio;अंतिम जहाज़;เรือลำสุดท้าย;Posljednji brod;ბოლო გემი;Τελευταίο πλοίο;Последњи брод;Pēdējais kuģis
ws_location_last_location;Last departure point;Последняя точка отправления;Letzter Abfahrtsort;Último punto de partida;Poslední místo odchodu;Laatste vertrekpunt;Dernier point de départ;最後の出発地点;마지막 출발 지점;Ostatni punkt odlotu;Último ponto de partida;Son kalkış noktası;Остання точка відправлення;最後出發點;最後出發點;Sista avreseplatsen;Ultimo punto di partenza;Ultimul punct de plecare;Последната отправна точка;Последната појдовна точка;Viimeinen lähtöpiste;Sidste afgangssted;Siste avreisepunkt;Síðasti brottfararstaður;Paskutinis išvykimo taškas;Utolsó indulási pont;Posledný odchodový bod;Último ponto de partida;अंतिम प्रस्थान बिंदु;จุดออกเดินทางสุดท้าย;Posljednja polazna točka;ბოლო გასვლის წერტილი;Τελευταίο σημείο αναχώρησης;Последња полазна тачка;Pēdējais izbraukšanas punkts
ws_location_start_temple;Sacrificial Stones;Жертвенные камни;Opfersteine;Piedras de sacrificio;Obětní kameny;Offerstenen;Pierres sacrificielles;生贄の石;희생의 돌;Kamienie ofiarne;Pedras de sacrifício;Kurban Taşları;Жертовні камені;祭祀石;祭祀石;Offerstens;Pietre sacrificali;Pietre sacrificale;Жертвени камъни;Жртвени камења;Uhri­kivet;Offerstene;Offersteiner;Fórnarsteinar;Aukojimo akmenys;Áldozati kövek;Obetné kamene;Pedras de sacrifício;बलि पत्थर;หินบูชายัญ;Žrtvene stijene;საკლავი ქვები;Θυσιαστικές πέτρες;Жртвени каменови;Upurakmeņi
ws_location_spawn_point;Current spawn point;Текущая точка возрождения;Aktueller Spawnpunkt;Punto de aparición actual;Aktuální místo zrození;Huidige spawnpunt;Point d'apparition actuel;現在のスポーン地点;현재 스폰 지점;Aktualny punkt odrodzenia;Ponto de surgimento atual;Mevcut yumurtlama noktası;Поточна точка появи;目前生成點;目前生成點;Nuvarande spawnpunkt;Punto di rinascita attuale;Punctul actual de reapariție;Текуща точка на възраждане;Тековна точка на оживување;Nykyinen syntypiste;Nuværende spawnpunkt;Nåværende gjenfødelsespunkt;Núverandi endurfæðingarstaður;Dabartinis atgimimo taškas;Jelenlegi újjászületési pont;Aktuálny bod znovuzrodenia;Ponto de surgimento atual;वर्तमान स्पॉन बिंदु;จุดเกิดปัจจุบัน;Trenutna točka pojavljivanja;მიმდინარე აღდგენის წერტილი;Τρέχον σημείο αναγέννησης;Тренутна тачка појављивања;Pašreizējais atdzimšanas punkts
ws_location_random_point;Random location;Случайная локация;Zufälliger Ort;Ubicación aleatoria;Náhodné místo;Willekeurige locatie;Emplacement aléatoire;ランダムな場所;무작위 위치;Losowa lokalizacja;Localização aleatória;Rastgele konum;Випадкова локація;隨機位置;隨機位置;Slumpmässig plats;Posizione casuale;Locație aleatorie;Случайно място;Случајна локација;Satunnainen sijainti;Tilfældig placering;Tilfeldig plassering;Handahófskennt staðsetning;Atsitiktinė vieta;Véletlenszerű helyszín;Náhodné miesto;Localização aleatória;यादृच्छिक स्थान;ตำแหน่งสุ่ม;Nasumična lokacija;შემთხვევითი მდებარეობა;Τυχαία τοποθεσία;Случајна локација;Nejauša vieta
ws_tooltip_start_search;Start searching;Начать поиск;Suche starten;Comenzar búsqueda;Začít hledat;Start zoeken;Commencer la recherche;検索を開始;검색 시작;Rozpocznij wyszukiwanie;Comece a procurar;Aramaya başla;Почати пошук;開始搜尋;開始搜尋;Börja söka;Inizia la ricerca;Începe căutarea;Започни търсене;Започни пребарување;Aloita etsintä;Start søgning;Start søk;Hefja leit;Pradėti paiešką;Keresés indítása;Začať hľadanie;Começar a procurar;खोज शुरू करें;เริ่มค้นหา;Započni pretragu;დაიწყე ძიება;Ξεκίνα την αναζήτηση;Почни претрагу;Sākt meklēšanu
ws_tooltip_moving_to;Fast travel;Быстрое перемещение:;Schnelles Reisen;Viaje rápido;Rychlé cestování;Snel reizen;Voyage rapide;高速移動;빠른 이동;Szybka podróż;Viagem rápida;Hızlı seyahat;Швидке переміщення;快速旅行;快速旅行;Snabbresa;Viaggio rapido;Călătorie rapidă;Бързо пътуване;Брзо патување;Nopea matkustus;Hurtig rejse;Hurtigreise;Hröð ferð;Greita kelionė;Gyors utazás;Rýchle cestovanie;Viagem rápida;तेज़ यात्रा;การเดินทางด่วน;Brzo putovanje;სწრაფი მოგზაურობა;Γρήγορη μετακίνηση;Брзо путовање;Ātra pārvietošanās
ws_tooltip_cooldown_after;Cooldown:;Время восстановления:;Abkühlung:;Enfriamiento:;Obnovení:;Afkoeltijd:;Temps de recharge :;クールダウン:;재사용 대기 시간:;Czas odnowienia:;Tempo de espera:;Soğuma süresi:;Час відновлення:;冷卻時間：;冷卻時間：;Nedkylning:;Ricarica:;Timp de reîncărcare:;Възстановяване:;Време на обновување:;Jäähdytys:;Nedkøling:;Nedkjøling:;Endurhleðsla:;Atsinaujinimas:;Lehűlés:;Obnovenie:;Tempo de recarga:;कूलडाउन:;คูลดาวน์:;Hlađenje:;გაგრილების დრო:;Χρόνος επαναφόρτισης;Време хлађења;Atdzišanas laiks
ws_message_travelling_to;Moving:;Перемещаемся:;Bewegen:;En movimiento:;Přesun:;Verplaatsen:;En mouvement :;移動中:;이동:;Przeprowadzka:;Movendo:;Taşınıyor:;Переміщення:;移動中：;移動中：;Förflyttning:;Spostamento:;Deplasare:;Преместване:;Движење:;Siirtyminen:;Flytning:;Forflytning:;Færsla:;Perkėlimas:;Mozgás:;Presun:;Movimento:;चल रहा है:;กำลังเคลื่อนที่:;Kretanje:;გადაადგილება:;Μετακίνηση:;Премештање:;Pārvietošanās
se_waystone_name;Fast travel;Быстрое перемещение;Schnelles Reisen;Viaje rápido;Rychlé cestování;Snel reizen;Voyage rapide;高速移動;빠른 이동;Szybka podróż;Viagem rápida;Hızlı seyahat;Швидке переміщення;快速旅行;快速旅行;Snabbresa;Viaggio rapido;Călătorie rapidă;Бързо пътуване;Брзо патување;Nopea matkustus;Hurtig rejse;Hurtigreise;Hröð ferð;Greita kelionė;Gyors utazás;Rýchle cestovanie;Viagem rápida;तेज़ यात्रा;การเดินทางด่วน;Brzo putovanje;სწრაფი მოგზაურობა;Γρήγορη μετακίνηση;Брзо путовање;Ātra pārvietošanās
se_waystone_tooltip;Safe journey to you.;Доброго пути.;Gute Reise.;Buen viaje.;Šťastnou cestu.;Veilige reis.;Bon voyage à vous.;安全な旅を。;안전한 여행을 기원합니다.;Bezpiecznej podróży.;Boa viagem para você.;Size güvenli yolculuklar.;Щасливої дороги.;祝您一路平安。;祝您一路平安。;God resa.;Buon viaggio.;Drum bun.;Лек път.;Среќен пат.;Hyvää matkaa.;God rejse.;God tur.;Góða ferð;Geros kelionės.;Jó utat.;Šťastnú cestu.;Boa viagem.;सुरक्षित यात्रा;เดินทางปลอดภัย;Sretan put.;კარგი მგზავრობა;Καλό ταξίδι;Срећан пут;Labu ceļu
ws_piece_waystone_name;Waystone;Путевой камень;Wegstein;Piedra de camino;Cestovní kámen;Waystone;Waystone;ウェイストーン;웨이스톤;Waystone;Waystone;Waystone;Путовий камінь;路石;路石;Vägsten;Pietra di viaggio;Piatră de drum;Пътен камък;Патен камен;Tiekivi;Vejsten;Veistein;Vegsteinn;Kelio akmuo;Útjelző kő;Cestovný kameň;Pedra de viagem;मार्ग पत्थर;หินเดินทาง;Putni kamen;გზის ქვა;Οδοδείκτης;Путни камен;Ceļa akmens
ws_piece_waystone_description;Helps you find a way to a distant places;Помогает найти путь в отдаленные места;Hilft Ihnen, einen Weg zu weit entfernten Orten zu finden;Te ayuda a encontrar el camino a lugares distantes;Pomáhá najít cestu k vzdáleným místům;Helpt je een weg te vinden naar verre oorden;Vous aide à trouver un chemin vers des endroits éloignés;遠くの場所への道を見つけるのに役立ちます;멀리 떨어진 곳으로 가는 길을 찾는 데 도움이 됩니다;Pomaga znaleźć drogę do odległych miejsc;Ajuda você a encontrar um caminho para lugares distantes;Uzak yerlere giden bir yol bulmanıza yardımcı olur;Допомагає знайти шлях до далеких місць;幫助你找到通往遙遠地方的路;幫助你找到通往遙遠地方的路;Hjälper dig att hitta vägen till avlägsna platser;Ti aiuta a trovare la strada verso luoghi lontani;Te ajută să găsești drumul către locuri îndepărtate;Помага ти да намериш път към далечни места;Помага да го најдеш патот до далечни места;Auttaa löytämään tien kaukaisiin paikkoihin;Hjælper dig med at finde vej til fjerne steder;Hjelper deg å finne veien til fjerne steder;Hjálpar þér að finna leið til fjarlægra staða;Padeda rasti kelią į tolimas vietas;Segít megtalálni az utat távoli helyekre;Pomáha nájsť cestu k vzdialeným miestam;Ajuda a encontrar o caminho para lugares distantes;दूरस्थ स्थानों तक पहुँचने में मदद करता है;ช่วยให้คุณค้นหาเส้นทางไปยังสถานที่ห่างไกล;Pomaže pronaći put do udaljenih mjesta;გეხმარება იპოვო გზა შორეულ ადგილებში;Βοηθά να βρεις τον δρόμο προς μακρινά μέρη;Pomaže da pronađeš put do udaljenih mesta;Palīdz atrast ceļu uz tālām vietām
ws_piece_waystone_activation;You touch the cold stone surface and you think of home;Вы касаетесь холодной каменной поверхности и думаете о доме.;Sie berühren die kalte Steinoberfläche und denken an zu Hause;Tocas la fría superficie de la piedra y piensas en tu hogar;Dotkneš se chladného kamene a pomyslíš na domov;Je raakt het koude stenen oppervlak aan en je denkt aan thuis;Vous touchez la surface froide de la pierre et vous pensez à la maison;冷たい石の表面に触れると、故郷を思い出します;차가운 돌 표면을 만지면 집이 생각납니다;Dotykasz zimnej kamiennej powierzchni i myślisz o domu;Você toca a superfície fria da pedra e pensa em casa;Soğuk taş yüzeyine dokunduğunuzda evinizi düşünürsünüz;Торкаєшся холодної кам'яної поверхні й думаєш про дім;你觸摸冰冷的石頭表面，你就會想到家;你觸摸冰冷的石頭表面，你就會想到家;Du rör vid den kalla stenytan och tänker på hemmet;Tocchi la superficie fredda della pietra e pensi a casa;Atingi suprafața rece a pietrei și te gândești la casă;Докосваш студената каменна повърхност и мислиш за дома;Ја допираш студената камена површина и помислуваш на домот;Kosketat kylmää kivipintaa ja ajattelet kotia;Du rører den kolde stenoverflade og tænker på hjemmet;Du berører den kalde steinoverflaten og tenker på hjemmet;Þú snertir kalda steinyfirborðið og hugsar til heimilisins;Palieti šaltą akmens paviršių ir pagalvoji apie namus;Megérinted a hideg kőfelületet és az otthonodra gondolsz;Dotkneš sa studeného kamenného povrchu a pomyslíš na domov;Tocas a superfície fria da pedra e pensas em casa;आप ठंडे पत्थर की सतह को छूते हैं और घर के बारे में सोचते हैं;คุณสัมผัสพื้นผิวหินเย็น ๆ แล้วคิดถึงบ้าน;Dodiruješ hladnu kamenu površinu i pomisliš na dom;ცივ ქვის ზედაპირს ეხები და სახლზე ფიქრობ;Αγγίζεις την κρύα πέτρινη επιφάνεια και σκέφτεσαι το σπίτι;Додирнеш хладну камену површину и помислиш на дом;Tu pieskaries aukstajai akmens virsmai un domā par mājām
ws_piece_waystone_activated;Active waystone;Активный путевой камень;Aktiver Wegstein;Piedra de camino activa;Aktivní cestovní kámen;Actieve waystone;Pierre de chemin active;アクティブなウェイストーン;활성화된 웨이스톤;Aktywny waystone;Waystone ativo;Aktif yol taşı;Активний путовий камінь;啟動的路石;啟動的路石;Aktiv vägsten;Pietra di viaggio attiva;Piatră de drum activă;Активен пътен камък;Активен патен камен;Aktiivinen tiekivi;Aktiv vejsten;Aktiv veistein;Virkur vegsteinn;Aktyvus kelio akmuo;Aktív útjelző kő;Aktívny cestovný kameň;Pedra de viagem ativa;सक्रिय मार्ग पत्थर;หินเดินทางที่ใช้งานอยู่;Aktivan putni kamen;აქტიური გზის ქვა;Ενεργός οδοδείκτης;Активан путни камен;Aktīvs ceļa akmens
ws_piece_waystone_activate;Activate;Зажечь;Aktivieren;Activar;Aktivovat;Activeren;Activer;アクティブにする;활성화;Aktywuj;Ativar;Etkinleştir;Активувати;啟動;啟動;Aktivera;Attivare;Activează;Активирай;Активирај;Aktivoi;Aktivér;Aktiver;Virkja;Aktyvuoti;Aktiválás;Aktivovať;Ativar;सक्रिय करें;เปิดใช้งาน;Aktiviraj;გააქტიურე;Ενεργοποίηση;Активирај;Aktivēt
ws_piece_waystone_deactivate;Deactivate;Погасить;Deaktivieren;Desactivar;Deaktivovat;Deactiveren;Désactiver;非アクティブにする;비활성화;Dezaktywuj;Desativar;Devre dışı bırak;Деактивувати;停用;停用;Avaktivera;Disattivare;Dezactivează;Деактивирай;Деактивирај;Poista käytöstä;Deaktivér;Deaktiver;Afvirkja;Išjungti;Deaktiválás;Deaktivovať;Desativar;निष्क्रिय करें;ปิดการใช้งาน;Deaktiviraj;გამორთე;Απενεργοποίηση;Деактивирај;Deaktivēt
ws_piece_waystone_sit;Sit to interact;Сядьте, чтобы взаимодействовать;Setzen Sie sich, um zu interagieren;Siéntate para interactuar;Sedni si pro interakci;Zit om te interacteren;Asseyez-vous pour interagir;座って対話する;앉아서 상호작용합니다;Usiądź, aby wejść w interakcję;Sente-se para interagir;Etkileşime geçmek için oturun;Сядьте, щоб взаємодіяти;坐下來互動;坐下來互動;Sitt för att interagera;Siediti per interagire;Așază-te pentru a interacționa;Седни, за да взаимодействaш;Седи за да интерактираш;Istu vuorovaikuttaaksesi;Sæt dig for at interagere;Sett deg for å samhandle;Settu þig niður til að eiga samskipti;Atsisėskite, kad galėtumėte bendrauti;Ülj le az interakcióhoz;Sadni si na interakciu;Sente-se para interagir;इंटरैक्ट करने के लिए बैठें;นั่งลงเพื่อโต้ตอบ;Sjedni za interakciju;დაჯექი ურთიერთობისთვის;Κάτσε για να αλληλεπιδράσεις;Седи да интерагујеш;Apsēdies, lai mijiedarbotos
ws_tutorial_waystone_label;Hugin: Waystones;Хугин: Путевые камни;Hugin: Wegsteine;Hugin: Piedras de camino;Hugin: Cestovní kameny;Hugin: Waystones;Hugin : Pierres de chemin;フギン: ウェイストーン;후긴: 웨이스톤;Hugin: Waystones;Hugin: Waystones;Hugin: Yol Taşları;Гугін: Путові камені;胡金：路石;胡金：路石;Hugin: Vägstenar;Hugin: Pietre di viaggio;Hugin: Pietre de drum;Хугин: Пътни камъни;Хугин: Патни камења;Hugin: Tiekivet;Hugin: Vejsten;Hugin: Veisteiner;Hugin: Vegsteinar;Hugin: Kelio akmenys;Hugin: Útjelző kövek;Hugin: Cestovné kamene;Hugin: Pedras de viagem;हुगिन: मार्ग पत्थर;ฮูกิน: หินเดินทาง;Hugin: Putni kameni;ჰუგინი: გზის ქვები;Χούγκιν: Οδοδείκτες;Хугин: Путни каменови;Hugin: Ceļa akmeņi
ws_tutorial_waystone_text;Waystones allow you to <color=yellow>fast travel</color> to distant locations and other waystones.\n\nSit in front of a waystone and begin your search.\nLocate a distant place with your gaze to fast travel there.\n\n<color=yellow>Activate and mark</color> a waystone to be able to return to it later.;Путевые камни позволяют вам <color=yellow>быстро перемещаться</color> в отдалённые места и к другим путевым камням.\n\nСядьте перед путевым камнем и начните поиск.\nНайдите взглядом отдалённое место, чтобы быстро туда переместиться.\n\n<color=yellow>Активируйте и оставьте метку</color> на путевом камне, чтобы иметь возможность вернуться позже.;Wegsteine ermöglichen Ihnen <color=yellow>schnelles Reisen</color> zu weit entfernten Orten und anderen Wegsteinen.\n\nSetzen Sie sich vor einen Wegstein und beginnen Sie Ihre Suche.\nFinden Sie mit Ihrem Blick einen entfernten Ort, um schnell dorthin zu reisen.\n\n<color=yellow>Aktivieren und markieren</color> Sie einen Wegstein, um später zurückkehren zu können.;Las piedras de camino te permiten <color=yellow>viajar rápido</color> a lugares distantes y a otras piedras de camino.\n\nSiéntate frente a una piedra de camino y comienza tu búsqueda.\nUbica un lugar lejano con tu mirada para viajar rápidamente allí.\n\n<color=yellow>Activa y marca</color> una piedra de camino para poder regresar más tarde.;Cestovní kameny ti umožňují <color=yellow>rychlé cestování</color> na vzdálená místa i k dalším cestovním kamenům.\n\nSedni si před cestovní kámen a začni hledat.\nNajdi vzdálené místo svým pohledem a cestuj tam rychle.\n\n<color=yellow>Aktivuj a označ</color> cestovní kámen, abys se k němu mohl později vrátit.;Met waystones kun je <color=yellow>snel reizen</color> naar verre oorden en andere waystones.\n\nGa voor een waystone zitten en begin je zoektocht.\nZoek een verre plek met je blik om er snel naartoe te reizen.\n\n<color=yellow>Activeer en markeer</color> een waystone zodat je later kunt terugkeren.;Les pierres de chemin vous permettent de <color=yellow>voyager rapidement</color> vers des endroits éloignés et d’autres pierres de chemin.\n\nAsseyez-vous devant une pierre de chemin et commencez votre recherche.\nRepérez un lieu éloigné avec votre regard pour vous y rendre rapidement.\n\n<color=yellow>Activez et marquez</color> une pierre de chemin pour pouvoir y revenir plus tard.;ウェイストーンを使うと、遠くの場所や他のウェイストーンへ<color=yellow>高速移動</color>できます。\n\nウェイストーンの前に座り、探索を始めましょう。\n視線で遠くの場所を見つけ、そこへ高速移動します。\n\n<color=yellow>ウェイストーンを起動してマーク</color>すると、後で戻ってくることができます。;웨이스톤을 사용하면 먼 곳과 다른 웨이스톤으로 <color=yellow>빠르게 이동</color>할 수 있습니다.\n\n웨이스톤 앞에 앉아 탐색을 시작하세요.\n시선으로 먼 위치를 찾아 빠르게 이동하세요.\n\n<color=yellow>웨이스톤을 활성화하고 표시</color>해 두면 나중에 돌아올 수 있습니다.;Waystones umożliwiają <color=yellow>szybką podróż</color> do odległych miejsc i innych waystones.\n\nUsiądź przed waystonem i rozpocznij poszukiwania.\nWskaż wzrokiem odległe miejsce, aby szybko się tam udać.\n\n<color=yellow>Aktywuj i oznacz</color> waystone, aby móc wrócić później.;Waystones permitem que você faça <color=yellow>viagem rápida</color> para locais distantes e outros waystones.\n\nSente-se diante de um waystone e comece sua busca.\nEncontre um local distante com o olhar para viajar rapidamente até lá.\n\n<color=yellow>Ative e marque</color> um waystone para poder retornar depois.;Yol taşları uzak yerlere ve diğer yol taşlarına <color=yellow>hızlı seyahat</color> etmenizi sağlar.\n\nBir yol taşının önüne oturun ve aramaya başlayın.\nBakışlarınızla uzak bir yer bulun ve oraya hızlıca gidin.\n\n<color=yellow>Bir yol taşını etkinleştirip işaretleyin</color> ki daha sonra geri dönebilesiniz.;Путові камені дозволяють <color=yellow>швидко переміщатися</color> до віддалених місць та інших путових каменів.\n\nСядьте перед путовим каменем і почніть пошук.\nЗнайдіть поглядом далеке місце, щоб швидко туди дістатися.\n\n<color=yellow>Активуйте й позначте</color> путовий камінь, щоб мати змогу повернутися пізніше.;路石可以让你<color=yellow>快速旅行</color>到遥远的地点和其他路石。\n\n坐在路石前开始搜索。\n用目光定位一个遥远的地方并快速前往。\n\n<color=yellow>启动并标记</color>路石以便稍后返回。;路石可以讓你<color=yellow>快速旅行</color>到遙遠的地點和其他路石。\n\n坐在路石前開始搜尋。\n用目光定位一個遙遠的地方並快速前往。\n\n<color=yellow>啟動並標記</color>路石以便稍後返回。;Vägstenar låter dig <color=yellow>snabbresa</color> till avlägsna platser och andra vägstenar.\n\nSitt framför en vägsten och börja söka.\nHitta en avlägsen plats med blicken för att snabbt resa dit.\n\n<color=yellow>Aktivera och markera</color> en vägsten så att du kan återvända senare.;Le pietre di viaggio ti permettono di <color=yellow>viaggiare rapidamente</color> verso luoghi lontani e altre pietre di viaggio.\n\nSiediti davanti a una pietra di viaggio e inizia la tua ricerca.\nIndividua un luogo distante con lo sguardo per raggiungerlo rapidamente.\n\n<color=yellow>Attiva e contrassegna</color> una pietra di viaggio per poterci tornare più tardi.;Pietrele de drum îți permit <color=yellow>călătorii rapide</color> către locuri îndepărtate și alte pietre de drum.\n\nAșază-te în fața unei pietre de drum și începe căutarea.\nGăsește cu privirea un loc îndepărtat pentru a ajunge acolo rapid.\n\n<color=yellow>Activează și marchează</color> o piatră de drum pentru a te putea întoarce mai târziu.;Пътните камъни ти позволяват <color=yellow>бързо пътуване</color> до далечни места и други пътни камъни.\n\nСедни пред пътен камък и започни търсенето.\nНамери с поглед далечно място, за да пътуваш бързо до него.\n\n<color=yellow>Активирай и отбележи</color> пътен камък, за да можеш да се върнеш по-късно.;Патните камења ти овозможуваат <color=yellow>брзо патување</color> до далечни места и други патни камења.\n\nСеди пред патен камен и започни со пребарување.\nПронајди далечно место со поглед и патувај брзо до него.\n\n<color=yellow>Активирај и означи</color> патен камен за да можеш да се вратиш подоцна.;Tiekivet mahdollistavat <color=yellow>nopean matkustamisen</color> kaukaisiin paikkoihin ja muihin tiekiviin.\n\nIstu tiekiven eteen ja aloita etsintäsi.\nEtsi kaukainen paikka katseellasi ja matkusta sinne nopeasti.\n\n<color=yellow>Aktivoi ja merkitse</color> tiekivi, jotta voit palata myöhemmin.;Vejsten gør det muligt at <color=yellow>rejse hurtigt</color> til fjerne steder og andre vejsten.\n\nSæt dig foran en vejsten og begynd din søgning.\nFind et fjernt sted med dit blik for at rejse hurtigt dertil.\n\n<color=yellow>Aktivér og markér</color> en vejsten, så du kan vende tilbage senere.;Veisteiner lar deg <color=yellow>hurtigreise</color> til fjerne steder og andre veisteiner.\n\nSett deg foran en veistein og begynn søket.\nFinn et fjernt sted med blikket for å reise raskt dit.\n\n<color=yellow>Aktiver og merk</color> en veistein slik at du kan komme tilbake senere.;Vegsteinar gera þér kleift að <color=yellow>ferðast hratt</color> til fjarlægra staða og annarra vegsteina.\n\nSettu þig niður fyrir framan vegstein og byrjaðu leitina.\nFinndu fjarlægan stað með augunum og ferðastu þangað hratt.\n\n<color=yellow>Virkjaðu og merktu</color> vegstein svo þú getir snúið aftur síðar.;Kelio akmenys leidžia <color=yellow>greitai keliauti</color> į tolimas vietas ir kitus kelio akmenis.\n\nAtsisėsk prieš kelio akmenį ir pradėk paiešką.\nSurask tolimą vietą žvilgsniu ir greitai ten nukeliauk.\n\n<color=yellow>Aktyvuok ir pažymėk</color> kelio akmenį, kad galėtum sugrįžti vėliau.;Az útjelző kövek lehetővé teszik, hogy <color=yellow>gyorsan utazz</color> távoli helyekre és más útjelző kövekhez.\n\nÜlj le egy útjelző kő elé, és kezdd el a keresést.\nTalálj meg egy távoli helyet a tekinteteddel, hogy gyorsan odajuthass.\n\n<color=yellow>Aktiváld és jelöld meg</color> az útjelző követ, hogy később visszatérhess.;Cestovné kamene ti umožňujú <color=yellow>rýchle cestovanie</color> na vzdialené miesta a k ďalším cestovným kameňom.\n\nSadni si pred cestovný kameň a začni hľadanie.\nNájdi vzdialené miesto pohľadom, aby si sa tam rýchlo dostal.\n\n<color=yellow>Aktivuj a označ</color> cestovný kameň, aby si sa mohol neskôr vrátiť.;As pedras de viagem permitem <color=yellow>viagens rápidas</color> para locais distantes e outras pedras de viagem.\n\nSenta-te diante de uma pedra de viagem e começa a tua busca.\nEncontra um local distante com o olhar para lá viajares rapidamente.\n\n<color=yellow>Ativa e marca</color> uma pedra de viagem para poderes regressar mais tarde.;वेystone आपको दूरस्थ स्थानों और अन्य वेystone तक <color=yellow>तेज़ यात्रा</color> करने की अनुमति देते हैं।\n\nकिसी वेystone के सामने बैठें और खोज शुरू करें।\nअपनी नज़र से किसी दूर स्थान को ढूँढें और वहाँ जल्दी पहुँचें।\n\n<color=yellow>वेystone को सक्रिय करें और चिह्नित करें</color> ताकि बाद में वापस आ सकें।;หินเดินทางช่วยให้คุณ<color=yellow>เดินทางด่วน</color>ไปยังสถานที่ห่างไกลและหินเดินทางอื่น ๆ ได้\n\nนั่งหน้าหินเดินทางและเริ่มค้นหา\nมองหาสถานที่ห่างไกลด้วยสายตาเพื่อเดินทางไปอย่างรวดเร็ว\n\n<color=yellow>เปิดใช้งานและทำเครื่องหมาย</color>หินเดินทางเพื่อให้กลับมาได้ในภายหลัง;Putni kamenovi omogućuju ti <color=yellow>brzo putovanje</color> do udaljenih mjesta i drugih putnih kamenova.\n\nSjedni ispred putnog kamena i započni potragu.\nPronađi udaljeno mjesto pogledom kako bi brzo stigao tamo.\n\n<color=yellow>Aktiviraj i označi</color> putni kamen kako bi se kasnije mogao vratiti.;გზის ქვები გაძლევენ საშუალებას <color=yellow>სწრაფად იმოგზაურო</color> შორეულ ადგილებში და სხვა გზის ქვებთან.\n\nდაჯექი გზის ქვის წინ და დაიწყე ძიება.\nმოიძიე შორეული ადგილი მზერით და სწრაფად გადადი იქ.\n\n<color=yellow>გააქტიურე და მონიშნე</color> გზის ქვა, რომ მოგვიანებით დაბრუნება შეძლო.;Οι οδοδείκτες σου επιτρέπουν να <color=yellow>μετακινείσαι γρήγορα</color> σε μακρινά μέρη και σε άλλους οδοδείκτες.\n\nΚάτσε μπροστά σε έναν οδοδείκτη και ξεκίνα την αναζήτηση.\nΕντόπισε ένα μακρινό σημείο με το βλέμμα σου για να μετακινηθείς εκεί γρήγορα.\n\n<color=yellow>Ενεργοποίησε και σημείωσε</color> έναν οδοδείκτη ώστε να μπορέσεις να επιστρέψεις αργότερα.;Путни каменови омогућавају ти <color=yellow>брзо путовање</color> до удаљених места и других путних каменова.\n\nСеди испред путног камена и започни потрагу.\nПронађи удаљено место погледом да би брзо стигао тамо.\n\n<color=yellow>Активирај и означи</color> путни камен да би могао касније да се вратиш.;Ceļa akmeņi ļauj tev <color=yellow>ātri pārvietoties</color> uz tālām vietām un citiem ceļa akmeņiem.\n\nApsēdies ceļa akmens priekšā un sāc meklēt.\nAtrodi tālu vietu ar skatienu, lai ātri tur nok
ws_tutorial_waystone_topic;You have built a waystone;Вы построили путевой камень;Du hast einen Wegstein gebaut;Has construido una piedra de camino;Postavil jsi cestovní kámen;Je hebt een waystone gebouwd;Vous avez construit une pierre de chemin;ウェイストーンを構築しました;웨이스톤을 건설했습니다;Zbudowałeś waystone;Você construiu uma pedra do caminho;Bir yol taşı inşa ettiniz;Ви побудували путовий камінь;你已經建造了一塊路石;你已經建造了一塊路石;Du har byggt en vägsten;Hai costruito una pietra di viaggio;Ai construit o piatră de drum;Построи пътен камък;Изгради патен камен;Olet rakentanut tiekiven;Du har bygget en vejsten;Du har bygget en veistein;Þú hefur byggt vegstein;Pastatėte kelio akmenį;Építettél egy útjelző követ;Postavil si cestovný kameň;Construíste uma pedra de viagem;आपने एक मार्ग पत्थर बनाया है;คุณได้สร้างหินเดินทางแล้ว;Izgradio si putni kamen;შენ ააგე გზის ქვა;Έχεις χτίσει έναν οδοδείκτη;Изградио си путни камен;Tu esi uzbūvējis ceļa akmeni
ws_piece_waystone_settag;(Hold to set tag);(Удерживать для пометки);(Gedrückt halten, um Tag zu setzen);(Mantén presionado para establecer la etiqueta);(Podrž pro nastavení značky);(Houd ingedrukt om tag in te stellen);(Maintenez pour définir la balise);(タグを設定するには長押ししてください);(태그를 설정하려면 누르세요);(Przytrzymaj, aby ustawić tag);(Segure para definir a etiqueta);(Etiket ayarlamak için basılı tutun);(Утримуйте, щоб встановити мітку);(按住設定標籤);(按住設定標籤);(Håll in för att ställa in etikett);(Tieni premuto per impostare l’etichetta);(Ține apăsat pentru a seta eticheta);(Задръж, за да зададеш отметка);(Задржи за да поставиш ознака);(Pidä painettuna asettaaksesi tunnisteen);(Hold nede for at sætte mærke);(Hold inne for å sette merke);(Haldið inni til að setja merki);(Laikykite nuspaudę, kad nustatytumėte žymę);(Tartsd lenyomva a címke beállításához);(Podrž pre nastavenie značky);(Manter pressionado para definir etiqueta);(टैग सेट करने के लिए दबाए रखें);(กดค้างเพื่อกำหนดป้าย);(Drži za postavljanje oznake);(დააჭირე და გააჩერე ნიშნულის დასაყენებლად);(Κράτησέ το πατημένο για να ορίσεις ετικέτα);(Drži za postavljanje oznake);(Turiet nospiestu, lai iestatītu birku)
ws_piece_waystone_tag;Tag;Метка;Tag;Etiqueta;Značka;Tag;Balise;タグ;태그;Tag;Etiqueta;Etiket;Мітка;標籤;標籤;Etikett;Etichetta;Etichetă;Отметка;Ознака;Tunniste;Mærke;Merke;Merki;Žymė;Címke;Značka;Etiqueta;टैग;ป้าย;Oznaka;ნიშანი;Ετικέτα;Ознака;Birka
ws_piece_waystone_cooldown_reduced;Cooldown reduced: $1 seconds;Время восстановления сокращено: $1 секунд;Abklingzeit reduziert: $1 Sekunden;Enfriamiento reducido: $1 segundo;Obnovení zkráceno: $1 sekund;Afkoeltijd verlaagd: $1 seconden;Temps de recharge réduit : $1 seconde;クールダウンが短縮されました: $1 秒;쿨다운 감소: $1 초;Skrócono czas odnowienia: $1 sekunda;Tempo de espera reduzido: $1 segundo;Soğuma süresi azaltıldı: $1 saniye;Час відновлення скорочено: $1 секунд;冷卻時間減少：$1 秒;冷卻時間減少：$1 秒;Nedkylning minskad: $1 sekunder;Ricarica ridotta: $1 secondi;Timp de reîncărcare redus: $1 secunde;Възстановяването е намалено: $1 секунди;Времето на обновување е намалено: $1 секунди;Jäähdytysaika lyhennetty: $1 sekuntia;Nedkøling reduceret: $1 sekunder;Nedkjøling redusert: $1 sekunder;Endurhleðsla stytt: $1 sekúndur;Atsinaujinimo laikas sumažintas: $1 sekundės;Lehűlési idő csökkentve: $1 másodperc;Obnovenie skrátené: $1 sekúnd;Tempo de recarga reduzido: $1 segundos;कूलडाउन कम हुआ: $1 सेकंड;คูลดาวน์ลดลง: $1 วินาที;Vrijeme hlađenja smanjeno: $1 sekundi;გაგრილების დრო შემცირდა: $1 წამი;Χρόνος επαναφόρτισης μειώθηκε: $1 δευτερόλεπτα;Време хлађења смањено: $1 секунди;Atdzišanas laiks samazināts: $1 sekundes
ws_tutorial_waystone_text_orientation;Waystones help you <color=yellow>search and orient</color> by distant locations and active waystones.\n\nSit in front of a waystone and begin your search.\nAim at markers to check direction and distance.\n\n<color=yellow>Activate and mark</color> a waystone to see it from distance.;Путевые камни помогают <color=yellow>искать ориентиры</color> среди удалённых мест и активных камней.\n\nСядьте перед путевым камнем и начните поиск.\nНаводитесь на метки, чтобы видеть направление и расстояние.\n\n<color=yellow>Активируйте и оставляйте метки</color> на камнях, чтобы видеть их издалека.;Wegsteine helfen Ihnen, sich an entfernten Orten und aktiven Wegsteinen <color=yellow>zu orientieren und sie zu suchen</color>.\n\nSetzen Sie sich vor einen Wegstein und beginnen Sie Ihre Suche.\nZielen Sie auf Markierungen, um Richtung und Entfernung zu prüfen.\n\n<color=yellow>Aktivieren und markieren</color> Sie einen Wegstein, um ihn aus der Ferne zu sehen.;Las piedras de camino te ayudan a <color=yellow>buscar y orientarte</color> usando lugares distantes y piedras activas.\n\nSiéntate frente a una piedra de camino y comienza tu búsqueda.\nApunta a los marcadores para comprobar la dirección y la distancia.\n\n<color=yellow>Activa y marca</color> una piedra de camino para verla desde lejos.;Cestovní kameny ti pomáhají <color=yellow>hledat a orientovat se</color> podle vzdálených míst a aktivních cestovních kamenů.\n\nSedni si před cestovní kámen a začni hledat.\nZamiř na značky a zkontroluj směr a vzdálenost.\n\n<color=yellow>Aktivuj a označ</color> cestovní kámen, abys ho viděl z dálky.;Waystones helpen je <color=yellow>zoeken en oriënteren</color> op verre locaties en actieve waystones.\n\nGa voor een waystone zitten en begin je zoektocht.\nRicht op markeringen om richting en afstand te controleren.\n\n<color=yellow>Activeer en markeer</color> een waystone om hem van ver te zien.;Les pierres de chemin vous aident à <color=yellow>chercher et vous orienter</color> grâce aux endroits éloignés et aux pierres actives.\n\nAsseyez-vous devant une pierre de chemin et commencez votre recherche.\nVisez les marqueurs pour vérifier la direction et la distance.\n\n<color=yellow>Activez et marquez</color> une pierre de chemin pour la voir de loin.;ウェイストーンは、遠くの場所や有効なウェイストーンを手がかりに<color=yellow>探して方角を知る</color>のに役立ちます。\n\nウェイストーンの前に座り、探索を始めましょう。\nマーカーに照準を合わせると、方向と距離を確認できます。\n\nウェイストーンを<color=yellow>起動してマーク</color>すると、遠くから見えるようになります。;웨이스톤은 먼 장소와 활성화된 웨이스톤을 기준으로 <color=yellow>탐색하고 방향을 잡는</color> 데 도움이 됩니다.\n\n웨이스톤 앞에 앉아 탐색을 시작하세요.\n표식에 조준해 방향과 거리를 확인하세요.\n\n웨이스톤을 <color=yellow>활성화하고 표시</color>하면 멀리서도 볼 수 있습니다.;Waystones pomagają <color=yellow>szukać i orientować się</color> względem odległych miejsc oraz aktywnych waystones.\n\nUsiądź przed waystonem i rozpocznij poszukiwania.\nWyceluj w znaczniki, aby sprawdzić kierunek i odległość.\n\n<color=yellow>Aktywuj i oznacz</color> waystone, aby widzieć go z daleka.;Waystones ajudam você a <color=yellow>procurar e se orientar</color> por locais distantes e waystones ativos.\n\nSente-se diante de um waystone e comece sua busca.\nMire nos marcadores para verificar direção e distância.\n\n<color=yellow>Ative e marque</color> um waystone para vê-lo de longe.;Yol taşları uzak yerleri ve aktif yol taşlarını kullanarak <color=yellow>arama yapmanıza ve yön bulmanıza</color> yardımcı olur.\n\nBir yol taşının önüne oturun ve aramaya başlayın.\nYönü ve mesafeyi kontrol etmek için işaretlere nişan alın.\n\nUzaktan görebilmek için bir yol taşını <color=yellow>etkinleştirip işaretleyin</color>.;Путові камені допомагають <color=yellow>шукати орієнтири</color> серед віддалених місць та активних каменів.\n\nСядьте перед путовим каменем і почніть пошук.\nНаводьтеся на мітки, щоб перевірити напрямок і відстань.\n\n<color=yellow>Активуйте й позначайте</color> путовий камінь, щоб бачити його здалеку.;路石可帮助你根据遥远地点和已激活的路石<color=yellow>搜索并辨认方向</color>。\n\n坐在路石前开始搜索。\n瞄准标记以查看方向和距离。\n\n<color=yellow>启动并标记</color>路石，使其能从远处看到。;路石可幫助你根據遙遠地點和已啟動的路石<color=yellow>搜尋並辨認方向</color>。\n\n坐在路石前開始搜尋。\n瞄準標記以查看方向和距離。\n\n<color=yellow>啟動並標記</color>路石，使其能從遠處看到。;Vägstenar hjälper dig att <color=yellow>söka och orientera dig</color> med avlägsna platser och aktiva vägstenar.\n\nSitt framför en vägsten och börja söka.\nSikta på markörer för att kontrollera riktning och avstånd.\n\n<color=yellow>Aktivera och markera</color> en vägsten för att se den på håll.;Le pietre di viaggio ti aiutano a <color=yellow>cercare e orientarti</color> con luoghi lontani e pietre di viaggio attive.\n\nSiediti davanti a una pietra di viaggio e inizia la tua ricerca.\nPunta i marcatori per controllare direzione e distanza.\n\n<color=yellow>Attiva e marca</color> una pietra di viaggio per vederla da lontano.;Pietrele de drum te ajută să <color=yellow>cauți și să te orientezi</color> după locuri îndepărtate și pietre active.\n\nAșază-te în fața unei pietre de drum și începe căutarea.\nȚintește marcajele pentru a verifica direcția și distanța.\n\n<color=yellow>Activează și marchează</color> o piatră de drum ca să o vezi de la distanță.;Пътните камъни ти помагат да <color=yellow>търсиш и да се ориентираш</color> по далечни места и активни пътни камъни.\n\nСедни пред пътен камък и започни търсенето.\nНасочи се към маркерите, за да провериш посоката и разстоянието.\n\n<color=yellow>Активирай и отбележи</color> пътен камък, за да го виждаш отдалеч.;Патните камења ти помагаат да <color=yellow>пребаруваш и да се ориентираш</color> според далечни места и активни патни камења.\n\nСеди пред патен камен и започни со пребарување.\nНасочи кон ознаките за да ги провериш насоката и растојанието.\n\n<color=yellow>Активирај и означи</color> патен камен за да го гледаш оддалеку.;Tiekivet auttavat sinua <color=yellow>etsimään ja suunnistamaan</color> kaukaisten paikkojen ja aktiivisten tiekivien mukaan.\n\nIstu tiekiven eteen ja aloita etsintäsi.\nTähtää merkkeihin tarkistaaksesi suunnan ja etäisyyden.\n\n<color=yellow>Aktivoi ja merkitse</color> tiekivi, jotta näet sen kaukaa.;Vejsten hjælper dig med at <color=yellow>søge og orientere dig</color> efter fjerne steder og aktive vejsten.\n\nSæt dig foran en vejsten og begynd din søgning.\nSigt på markører for at kontrollere retning og afstand.\n\n<color=yellow>Aktivér og markér</color> en vejsten for at se den på afstand.;Veisteiner hjelper deg med å <color=yellow>søke og orientere deg</color> etter fjerne steder og aktive veisteiner.\n\nSett deg foran en veistein og begynn søket.\nSikt på markører for å sjekke retning og avstand.\n\n<color=yellow>Aktiver og marker</color> en veistein for å se den på avstand.;Vegsteinar hjálpa þér að <color=yellow>leita og rata</color> eftir fjarlægum stöðum og virkum vegsteinum.\n\nSettu þig niður fyrir framan vegstein og byrjaðu leitina.\nMiðaðu á merki til að athuga stefnu og fjarlægð.\n\n<color=yellow>Virkjaðu og merktu</color> vegstein til að sjá hann úr fjarlægð.;Kelio akmenys padeda <color=yellow>ieškoti ir orientuotis</color> pagal tolimas vietas bei aktyvius kelio akmenis.\n\nAtsisėsk prieš kelio akmenį ir pradėk paiešką.\nNutaikyk į žymes, kad patikrintum kryptį ir atstumą.\n\n<color=yellow>Aktyvuok ir pažymėk</color> kelio akmenį, kad matytum jį iš toli.;Az útjelző kövek segítenek <color=yellow>keresni és tájékozódni</color> távoli helyek és aktív útjelző kövek alapján.\n\nÜlj le egy útjelző kő elé, és kezdd el a keresést.\nCélozz a jelölőkre az irány és a távolság ellenőrzéséhez.\n\n<color=yellow>Aktiválj és jelölj meg</color> egy útjelző követ, hogy messziről is lásd.;Cestovné kamene ti pomáhajú <color=yellow>hľadať a orientovať sa</color> podľa vzdialených miest a aktívnych cestovných kameňov.\n\nSadni si pred cestovný kameň a začni hľadanie.\nZameraj sa na značky, aby si skontroloval smer a vzdialenosť.\n\n<color=yellow>Aktivuj a označ</color> cestovný kameň, aby si ho videl z diaľky.;As pedras de viagem ajudam-te a <color=yellow>procurar e orientar-te</color> por locais distantes e pedras de viagem ativas.\n\nSenta-te diante de uma pedra de viagem e começa a tua busca.\nAponta para os marcadores para verificar a direção e a distância.\n\n<color=yellow>Ativa e marca</color> uma pedra de viagem para a veres de longe.;मार्ग पत्थर दूरस्थ स्थानों और सक्रिय मार्ग पत्थरों के आधार पर <color=yellow>खोजने और दिशा पहचानने</color> में मदद करते हैं।\n\nकिसी मार्ग पत्थर के सामने बैठें और खोज शुरू करें।\nदिशा और दूरी देखने के लिए चिह्नों पर निशाना लगाएँ।\n\nकिसी मार्ग पत्थर को दूर से देखने के लिए उसे <color=yellow>सक्रिय करें और चिह्नित करें</color>।;หินเดินทางช่วยให้คุณ<color=yellow>ค้นหาและนำทาง</color>จากสถานที่ห่างไกลและหินเดินทางที่เปิดใช้งานอยู่ได้\n\nนั่งหน้าหินเดินทางและเริ่มค้นหา\nเล็งไปที่เครื่องหมายเพื่อตรวจสอบทิศทางและระยะทาง\n\n<color=yellow>เปิดใช้งานและทำเครื่องหมาย</color>หินเดินทางเพื่อให้มองเห็นได้จากระยะไกล;Putni kamenovi pomažu ti <color=yellow>tražiti i orijentirati se</color> prema udaljenim mjestima i aktivnim putnim kamenovima.\n\nSjedni ispred putnog kamena i započni potragu.\nNaciljaj oznake kako bi provjerio smjer i udaljenost.\n\n<color=yellow>Aktiviraj i označi</color> putni kamen kako bi ga vidio izdaleka.;გზის ქვები გეხმარება შორეული ადგილებისა და აქტიური გზის ქვების მიხედვით <color=yellow>ძიებასა და ორიენტირებაში</color>.\n\nდაჯექი გზის ქვის წინ და დაიწყე ძიება.\nდაუმიზნე ნიშნებს, რომ შეამოწმო მიმართულება და მანძილი.\n\n<color=yellow>გაააქტიურე და მონიშნე</color> გზის ქვა, რომ შორიდან დაინახო.;Οι οδοδείκτες σε βοηθούν να <color=yellow>αναζητάς και να προσανατολίζεσαι</color> με βάση μακρινά μέρη και ενεργούς οδοδείκτες.\n\nΚάτσε μπροστά σε έναν οδοδείκτη και ξεκίνα την αναζήτηση.\nΣτόχευσε τους δείκτες για να ελέγξεις κατεύθυνση και απόσταση.\n\n<color=yellow>Ενεργοποίησε και σημάδεψε</color> έναν οδοδείκτη για να τον βλέπεις από μακριά.;Путни каменови ти помажу да <color=yellow>тражиш и оријентишеш се</color> према удаљеним местима и активним путним каменовима.\n\nСеди испред путног камена и започни потрагу.\nНишани у ознаке да провериш смер и удаљеност.\n\n<color=yellow>Активирај и означи</color> путни камен да би га видео издалека.;Ceļa akmeņi palīdz tev <color=yellow>meklēt un orientēties</color> pēc tālām vietām un aktīviem ceļa akmeņiem.\n\nApsēdies ceļa akmens priekšā un sāc meklēt.\nNotēmē uz marķieriem, lai pārbaudītu virzienu un attālumu.\n\n<color=yellow>Aktivē un atzīmē</color> ceļa akmeni, lai redzētu to no tālienes.
ws_tooltip_travel_cost;Travel cost:;Стоимость перемещения:;Reisekosten:;Coste del viaje:;Cena cesty:;Reiskosten:;Coût du voyage :;移動コスト:;이동 비용:;Koszt podróży:;Custo da viagem:;Seyahat maliyeti:;Вартість переміщення:;旅行消耗：;旅行消耗：;Resekostnad:;Costo del viaggio:;Costul călătoriei:;Цена на пътуването:;Цена на патување:;Matkan hinta:;Rejseomkostning:;Reisekostnad:;Ferðakostnaður:;Kelionės kaina:;Utazási költség:;Cena cesty:;Custo da viagem:;यात्रा लागत:;ค่าเดินทาง:;Cijena putovanja:;მგზავრობის ღირებულება:;Κόστος ταξιδιού:;Цена путовања:;Ceļojuma izmaksas:
ws_tooltip_arrival_charge;Arrival waystone charge:;Заряд камня прилёта:;Ladung des Ziel-Wegsteins:;Carga de la piedra de destino:;Nabití cílového cestovního kamene:;Lading van doel-waystone:;Charge de la pierre d’arrivée :;到着先ウェイストーンのチャージ:;도착 웨이스톤 충전량:;Ładunek docelowego waystone:;Carga do waystone de destino:;Varış yol taşının şarjı:;Заряд каменя прибуття:;目的地路石充能：;目的地路石充能：;Laddning i målvägstenen:;Carica della pietra di arrivo:;Încărcarea pietrei de sosire:;Заряд на камъка за пристигане:;Полнење на каменот за пристигнување:;Saapumistiekiven lataus:;Ladning i ankomstvejstenen:;Ladning i ankomstveisteinen:;Hleðsla á komuvegsteini:;Atvykimo kelio akmens įkrova:;Érkezési útjelző kő töltése:;Nabitie cieľového cestovného kameňa:;Carga da pedra de viagem de destino:;गंतव्य मार्ग पत्थर का चार्ज:;ประจุของหินเดินทางปลายทาง:;Naboj odredišnog putnog kamena:;დანიშნულების გზის ქვის მუხტი:;Φόρτιση οδοδείκτη άφιξης:;Напуњеност одредишног путног камена:;Ierašanās ceļa akmens lādiņš:
ws_tooltip_return_check;Enough charge for return:;Хватит заряда на обратный путь:;Genug Ladung für die Rückkehr:;Carga suficiente para volver:;Dostatek nabití pro návrat:;Genoeg lading voor terugkeer:;Charge suffisante pour le retour :;帰還に十分なチャージ:;귀환에 충분한 충전량:;Dość ładunku na powrót:;Carga suficiente para voltar:;Dönüş için yeterli şarj:;Достатньо заряду на зворотний шлях:;返程充能足够：;返程充能足夠：;Tillräcklig laddning för återresa:;Carica sufficiente per il ritorno:;Încărcare suficientă pentru întoarcere:;Достатъчно заряд за връщане:;Доволно полнење за враќање:;Riittävä lataus paluumatkaan:;Nok ladning til returrejsen:;Nok ladning til returen:;Næg hleðsla fyrir heimferð:;Pakanka įkrovos grįžimui:;Elég töltés a visszaúthoz:;Dosť nabitia na návrat:;Carga suficiente para voltar:;वापसी के लिए पर्याप्त चार्ज:;มีประจุพอสำหรับกลับ:;Dovoljno naboja za povratak:;საკმარისი მუხტი დაბრუნებისთვის:;Αρκετή φόρτιση για επιστροφή:;Довољно напуњености за повратак:;Pietiek lādiņa atpakaļceļam:
ws_message_not_enough_charge;Waystone is out of charge;Недостаточно заряда путевого камня;Wegstein ist entladen;La piedra de camino no tiene carga;Cestovní kámen je vybitý;Waystone is leeg;La pierre de chemin est déchargée;ウェイストーンのチャージがありません;웨이스톤의 충전량이 부족합니다;Waystone jest rozładowany;Waystone sem carga;Yol taşının şarjı yok;Путовому каменю бракує заряду;路石已无充能;路石已無充能;Vägstenen är urladdad;La pietra di viaggio è scarica;Piatra de drum nu mai are încărcare;Пътният камък е без заряд;Патниот камен е без полнење;Tiekiven lataus on loppu;Vejstenen er løbet tør for ladning;Veisteinen er tom for ladning;Vegsteinninn er hleðslulaus;Kelio akmeniui baigėsi įkrova;Az útjelző kő lemerült;Cestovný kameň je vybitý;A pedra de viagem está sem carga;मार्ग पत्थर में चार्ज नहीं है;หินเดินทางไม่มีประจุ;Putni kamen je bez naboja;გზის ქვას მუხტი გამოელია;Ο οδοδείκτης δεν έχει φόρτιση;Путни камен је без напуњености;Ceļa akmens ir bez lādiņa
ws_piece_waystone_charge_added;Waystone charged: +$1;Камень заряжен: +$1;Wegstein geladen: +$1;Piedra de camino cargada: +$1;Cestovní kámen nabit: +$1;Waystone opgeladen: +$1;Pierre de chemin chargée : +$1;ウェイストーンをチャージ: +$1;웨이스톤 충전됨: +$1;Waystone naładowany: +$1;Waystone carregado: +$1;Yol taşı şarj edildi: +$1;Камінь заряджено: +$1;路石已充能：+$1;路石已充能：+$1;Vägsten laddad: +$1;Pietra di viaggio caricata: +$1;Piatră de drum încărcată: +$1;Пътен камък зареден: +$1;Патниот камен е наполнет: +$1;Tiekivi ladattu: +$1;Vejsten opladet: +$1;Veistein ladet: +$1;Vegsteinn hlaðinn: +$1;Kelio akmuo įkrautas: +$1;Útjelző kő feltöltve: +$1;Cestovný kameň nabitý: +$1;Pedra de viagem carregada: +$1;मार्ग पत्थर चार्ज हुआ: +$1;ชาร์จหินเดินทางแล้ว: +$1;Putni kamen napunjen: +$1;გზის ქვა დაიმუხტა: +$1;Ο οδοδείκτης φορτίστηκε: +$1;Путни камен напуњен: +$1;Ceļa akmens uzlādēts: +$1
ws_tooltip_distance;Distance:;Расстояние:;Entfernung:;Distancia:;Vzdálenost:;Afstand:;Distance:;距離:;거리:;Odległość:;Distância:;Mesafe:;Відстань:;距离：;距離：;Avstånd:;Distanza:;Distanță:;Разстояние:;Растојание:;Etäisyys:;Afstand:;Avstand:;Fjarlægð:;Atstumas:;Távolság:;Vzdialenosť:;Distância:;दूरी:;ระยะทาง:;Udaljenost:;მანძილი:;Απόσταση:;Удаљеност:;Attālums:
ws_tooltip_waystone_charge;Waystone charge:;Заряд камня:;Wegsteinladung:;Carga de la piedra de camino:;Nabití cestovního kamene:;Lading van waystone:;Charge de la pierre de chemin :;ウェイストーンのチャージ:;웨이스톤 충전량:;Ładunek waystone:;Carga do waystone:;Yol taşı şarjı:;Заряд путового каменя:;路石充能：;路石充能：;Vägstenens laddning:;Carica della pietra di viaggio:;Încărcarea pietrei de drum:;Заряд на пътния камък:;Полнење на патниот камен:;Tiekiven lataus:;Vejstenens ladning:;Veisteinens ladning:;Hleðsla vegsteins:;Kelio akmens įkrova:;Útjelző kő töltése:;Nabitie cestovného kameňa:;Carga da pedra de viagem:;मार्ग पत्थर का चार्ज:;ประจุของหินเดินทาง:;Naboj putnog kamena:;გზის ქვის მუხტი:;Φόρτιση οδοδείκτη:;Напуњеност путног камена:;Ceļa akmens lādiņš:
ws_tooltip_player_charge;Player charge:;Заряд персонажа:;Charakterladung:;Carga del personaje:;Nabití postavy:;Lading van personage:;Charge du personnage :;キャラクターのチャージ:;캐릭터 충전량:;Ładunek postaci:;Carga do personagem:;Karakter şarjı:;Заряд персонажа:;角色充能：;角色充能：;Karaktärens laddning:;Carica del personaggio:;Încărcarea personajului:;Заряд на персонажа:;Полнење на ликот:;Hahmon lataus:;Figurens ladning:;Figurens ladning:;Hleðsla persónu:;Veikėjo įkrova:;Karakter töltése:;Nabitie postavy:;Carga da personagem:;चरित्र का चार्ज:;ประจุของตัวละคร:;Naboj lika:;პერსონაჟის მუხტი:;Φόρτιση χαρακτήρα:;Напуњеност лика:;Tēla lādiņš:
ws_tooltip_player_charge_after;Player charge after travel:;Заряд персонажа после перемещения:;Charakterladung nach der Reise:;Carga del personaje tras viajar:;Nabití postavy po cestě:;Lading van personage na reis:;Charge du personnage après le voyage :;移動後のキャラクターのチャージ:;이동 후 캐릭터 충전량:;Ładunek postaci po podróży:;Carga do personagem após a viagem:;Seyahatten sonra karakter şarjı:;Заряд персонажа після переміщення:;旅行后角色充能：;旅行後角色充能：;Karaktärens laddning efter resa:;Carica del personaggio dopo il viaggio:;Încărcarea personajului după călătorie:;Заряд на персонажа след пътуване:;Полнење на ликот по патување:;Hahmon lataus matkan jälkeen:;Figurens ladning efter rejsen:;Figurens ladning etter reisen:;Hleðsla persónu eftir ferð:;Veikėjo įkrova po kelionės:;Karakter töltése utazás után:;Nabitie postavy po ceste:;Carga da personagem após a viagem:;यात्रा के बाद चरित्र का चार्ज:;ประจุของตัวละครหลังเดินทาง:;Naboj lika nakon putovanja:;პერსონაჟის მუხტი მგზავრობის შემდეგ:;Φόρτιση χαρακτήρα μετά το ταξίδι:;Напуњеност лика после путовања:;Tēla lādiņš pēc ceļojuma:
ws_tooltip_sacrifice_reduce_cooldown;Sacrifice items to reduce travel cooldown:;Пожертвуйте предметы, чтобы сократить время восстановления:;Opfere Gegenstände, um die Reiseabklingzeit zu verringern:;Sacrifica objetos para reducir el enfriamiento de viaje:;Obětuj předměty ke zkrácení doby obnovení cesty:;Offer voorwerpen om de reisafkoeltijd te verkorten:;Sacrifiez des objets pour réduire le temps de recharge du voyage:;移動クールダウンを短縮するにはアイテムを捧げてください:;이동 재사용 대기시간을 줄이려면 아이템을 바치세요:;Poświęć przedmioty, aby skrócić czas odnowienia podróży:;Sacrifique itens para reduzir o tempo de recarga da viagem:;Seyahat bekleme süresini azaltmak için eşyalar kurban et:;Пожертвуйте предмети, щоб скоротити час відновлення переміщення:;献祭物品以缩短旅行冷却时间：;獻祭物品以縮短旅行冷卻時間：;Offra föremål för att minska resekylningen:;Sacrifica oggetti per ridurre il tempo di recupero del viaggio:;Sacrifică obiecte pentru a reduce timpul de reîncărcare al călătoriei:;Пожертвай предмети, за да намалиш времето за възстановяване на пътуването:;Пожртвувај предмети за да го намалиш времето на обновување за патување:;Uhraa esineitä lyhentääksesi matkan jäähtymisaikaa:;Ofr genstande for at reducere rejseafkølingen:;Ofre gjenstander for å redusere reisens nedkjøling:;Fórnaðu hlutum til að stytta biðtíma ferðar:;Paaukok daiktus, kad sutrumpintum kelionės atvėsimą:;Áldozz fel tárgyakat az utazási lehűlés csökkentéséhez:;Obetuj predmety na skrátenie obnovenia cesty:;Sacrifica itens para reduzir o tempo de recarga da viagem:;यात्रा कूलडाउन घटाने के लिए वस्तुएँ अर्पित करें:;สังเวยไอเทมเพื่อลดคูลดาวน์การเดินทาง:;Žrtvuj predmete za smanjenje hlađenja putovanja:;მგზავრობის გაგრილების შესამცირებლად შესწირე ნივთები:;Θυσίασε αντικείμενα για να μειώσεις τον χρόνο επαναφόρτισης ταξιδιού:;Жртвуј предмете да скратиш време хлађења путовања:;Upurē priekšmetus, lai samazinātu ceļojuma atdzišanu:
ws_tooltip_sacrifice_add_charge;Sacrifice items to add charges:;Пожертвуйте предметы, чтобы добавить зарядов:;Opfere Gegenstände, um Ladung hinzuzufügen:;Sacrifica objetos para añadir cargas:;Obětuj předměty pro přidání nabití:;Offer voorwerpen om lading toe te voegen:;Sacrifiez des objets pour ajouter de la charge:;チャージを追加するにはアイテムを捧げてください:;충전량을 추가하려면 아이템을 바치세요:;Poświęć przedmioty, aby dodać ładunki:;Sacrifique itens para adicionar carga:;Şarj eklemek için eşyalar kurban et:;Пожертвуйте предмети, щоб додати зарядів:;献祭物品以增加充能：;獻祭物品以增加充能：;Offra föremål för att lägga till laddning:;Sacrifica oggetti per aggiungere cariche:;Sacrifică obiecte pentru a adăuga încărcare:;Пожертвай предмети, за да добавиш заряд:;Пожртвувај предмети за да додадеш полнење:;Uhraa esineitä lisätäksesi latausta:;Ofr genstande for at tilføje ladning:;Ofre gjenstander for å legge til ladning:;Fórnaðu hlutum til að bæta við hleðslu:;Paaukok daiktus, kad pridėtum įkrovos:;Áldozz fel tárgyakat töltés hozzáadásához:;Obetuj predmety na pridanie nabitia:;Sacrifica itens para adicionar carga:;चार्ज जोड़ने के लिए वस्तुएँ अर्पित करें:;สังเวยไอเทมเพื่อเพิ่มประจุ:;Žrtvuj predmete za dodavanje naboja:;მუხტის დასამატებლად შესწირე ნივთები:;Θυσίασε αντικείμενα για να προσθέσεις φόρτιση:;Жртвуј предмете да додаш напуњеност:;Upurē priekšmetus, lai pievienotu lādiņu:
ws_tooltip_seconds;Seconds;Секунды;Sekunden;Segundos;Sekundy;Seconden;Secondes;秒;초;Sekundy;Segundos;Saniye;Секунди;秒;秒;Sekunder;Secondi;Secunde;Секунди;Секунди;Sekunnit;Sekunder;Sekunder;Sekúndur;Sekundės;Másodpercek;Sekundy;Segundos;सेकंड;วินาที;Sekunde;წამები;Δευτερόλεπτα;Секунде;Sekundes
ws_tooltip_charges;Charges;Заряды;Ladungen;Cargas;Nabití;Ladingen;Charges;チャージ;충전량;Ładunki;Cargas;Şarj;Заряди;充能;充能;Laddningar;Cariche;Încărcări;Заряди;Полнења;Lataukset;Ladninger;Ladninger;Hleðslur;Įkrovos;Töltések;Nabitia;Cargas;चार्ज;ประจุ;Naboji;მუხტები;Φορτίσεις;Напуњеност;Lādiņi
ws_compendium_sacrifice_items_topic;Waystone sacrifices;Пожертвования путевому камню;Wegsteinopfergaben;Ofrendas para la piedra de camino;Obětiny pro cestovní kámen;Offers voor de waystone;Offrandes à la pierre de chemin;ウェイストーンへの供物;웨이스톤 공물;Ofiary dla waystone;Oferendas ao waystone;Yol taşı adakları;Пожертви путовому каменю;路石供品;路石供品;Offer till vägstenen;Offerte per la pietra di viaggio;Ofrande pentru piatra de drum;Дарове за пътния камък;Приноси за патниот камен;Uhrilahjat tiekivelle;Offergaver til vejstenen;Offergaver til veisteinen;Fórnargjafir til vegsteins;Aukos kelio akmeniui;Felajánlások az útjelző kőnek;Obetiny pre cestovný kameň;Oferendas à pedra de viagem;मार्ग पत्थर को अर्पण;ของถวายหินเดินทาง;Prinosi za putni kamen;შესაწირები გზის ქვისთვის;Προσφορές στον οδοδείκτη;Прилози за путни камен;Ziedojumi ceļa akmenim